video_id,title,video_url,creator,current_ingredients,current_tags,current_time,current_temperature,current_knife,current_heat,audit_category,correct_ingredients,correct_time,correct_temperature,correct_knife,correct_heat,reviewer,reviewed_at,review_status,notes
Yjr1sXYfkSw,時短でできる春雨スープレシピを大公開！,https://www.youtube.com/watch?v=Yjr1sXYfkSw,あおいの給食室🔪,豚肉、鶏肉、挽肉、豆腐、春雨、キャベツ、小松菜、ネギ、もやし、玉ねぎ、にんじん、しいたけ,"pork,chicken,minced_meat,tofu,harusame,cabbage,komatsuna,green_onion,bean_sprouts,onion,carrot,shiitake",easy,warm,true,true,きのこ,,,,,,,,unreviewed,
Rm5DbMVOwZU,鮭を買ったら #簡単レシピ,https://www.youtube.com/watch?v=Rm5DbMVOwZU,さくらい ゆか【管理栄養士】,サケ、バター,"salmon,butter",normal,warm,false,true,チーズ・バター・マヨ系,,,,,,,,unreviewed,
o-KvgCX2OA0,本日の‼️てぬきお昼ごはん🤭バター釜玉うどん,https://www.youtube.com/watch?v=o-KvgCX2OA0,あつメシ×あさとファミリー,卵、うどん、ネギ、バター,"egg,udon,green_onion,butter",easy,warm,true,true,卵,,,,,,,,unreviewed,
v012YMWZxnQ,簡単すぎ・・・え、今から作ろうかな【ポン酢豚丼】#どんぶり#丼 #豚肉 #豚こま肉 #玉ねぎ #ポン酢 #簡単レシピ #レシピ動画,https://www.youtube.com/watch?v=v012YMWZxnQ,デリッシュキッチン,豚肉、ご飯・米、ネギ、玉ねぎ、ショウガ,"pork,rice,green_onion,onion,ginger",easy,warm,true,true,根菜,,,,,,,,unreviewed,
yrAKZZsXc_w,生クリーム？小麦粉？ルー？全部いらねえのにお店の味、信じられない【虚無チーズパスタ】#shorts #リュウジ #料理,https://www.youtube.com/watch?v=yrAKZZsXc_w,料理研究家リュウジのバズレシピ,パスタ、チーズ、小麦粉,"pasta,cheese,flour",normal,warm,false,true,米,,,,,,,,unreviewed,
Tl_ebKQEuVA,レンジで簡単！豚バラ白菜のウマいヤツ,https://www.youtube.com/watch?v=Tl_ebKQEuVA,まるみキッチン【簡単レシピ】,豚肉、napa_cabbage、ネギ,"pork,napa_cabbage,green_onion",easy,warm,true,true,肉類,,,,,,,,unreviewed,
zrLoT5kmtGk,【150万回再生人気レシピ】簡単！節約おかずレシピ10選,https://www.youtube.com/watch?v=zrLoT5kmtGk,macaroni | マカロニ,豚肉、鶏肉、えび、厚揚げ、ネギ、もやし、ショウガ、バター、マヨネーズ,"pork,chicken,shrimp,atsuage,green_onion,bean_sprouts,ginger,butter,mayonnaise",normal,warm,true,true,葉物野菜,,,,,,,,unreviewed,
dYnJIaFrLe8,とろとろ餡と生姜でほっかほか！卵とじうどん ｜ How To Make Egg-drop Udon,https://www.youtube.com/watch?v=dYnJIaFrLe8,デリッシュキッチン,豚肉、鶏肉、豆腐、卵、うどん、パスタ、にら、ネギ、もやし、大根、ショウガ、マヨネーズ,"pork,chicken,tofu,egg,udon,pasta,nira,green_onion,bean_sprouts,daikon,ginger,mayonnaise",easy,warm,true,true,豆腐・大豆系,,,,,,,,unreviewed,
0tWjgr1qtq0,190円で作ったこんちくしょーが美味すぎた🎠,https://www.youtube.com/watch?v=0tWjgr1qtq0,300円先生【300円以下で料理したい】,たこ、ネギ、こんにゃく、ショウガ,"octopus,green_onion,konnyaku,ginger",easy,warm,true,true,魚介,,,,,,,,unreviewed,
Wve9UOfzIm0,柔らかさっぱりヘルシー！鶏むね肉の南蛮漬けの作り方 #料理 #鶏むね #shorts,https://www.youtube.com/watch?v=Wve9UOfzIm0,Koh Kentetsu Kitchen【料理研究家コウケンテツ公式チャンネル】,鶏肉,chicken,normal,cold,true,true,鶏肉,,,,,,,,unreviewed,
JRuHDeKRk44,【カレー余り】 とろ〜り絶品カレーパン #残り #時短レシピ #幼児食 #カレー #カレーパン #朝ごはん #食パン #おやつ #トモニテ #shorts,https://www.youtube.com/watch?v=JRuHDeKRk44,トモニテ,卵、ビーフン・フォー、チーズ、パン,"egg,rice_noodles,cheese,bread",easy,warm,false,true,麺,,,,,,,,unreviewed,
-EGlVc8ft4g,【53kg→40kg】簡単なのにめっちゃ痩せる神レシピ👼🏻‎フライパンに放っとくだけで10分で5品完成💛#ダイエット #レシピ #Vlog #ルーティン#ワンパン,https://www.youtube.com/watch?v=-EGlVc8ft4g,33ちゃん,卵、小松菜、もやし、にんじん、大根、しめじ、ショウガ、にんにく,"egg,komatsuna,bean_sprouts,carrot,daikon,shimeji,ginger,garlic",easy,warm,true,true,きのこ,,,,,,,,unreviewed,
v4UDCpbzIVY,材料3つ！レンジで簡単「のび〜るチョコ餅」#shorts #food #recipe #簡単料理 #簡単レシピ #料理 #レシピ,https://www.youtube.com/watch?v=v4UDCpbzIVY,低空飛行キッチン,牛乳,milk,easy,warm,false,true,チーズ・バター・マヨ系,,,,,,,,unreviewed,
PHA_9YugW0k,いや、これは流石に絶賛されろ。お蕎麦屋さんより旨い自信あります。【至高の鍋焼きうどん】,https://www.youtube.com/watch?v=PHA_9YugW0k,料理研究家リュウジのバズレシピ,鶏肉、油揚げ、卵、うどん、そば、ネギ、しいたけ,"chicken,aburaage,egg,udon,soba,green_onion,shiitake",easy,warm,true,true,卵,,,,,,,,unreviewed,
VqqVlMtWx7M,【週2000円】節約おうちごはんを楽しむ一人暮らし👩‍🦰 / 野菜長持ち保存🥕 / かさ増しスコッチエッグ🐣💞,https://www.youtube.com/watch?v=VqqVlMtWx7M,shiroのくらし,鶏肉、卵、ネギ、玉ねぎ、にんにく、マヨネーズ,"chicken,egg,green_onion,onion,garlic,mayonnaise",easy,warm,true,true,根菜,,,,,,,,unreviewed,
XP2cz6hpgB4,【混ぜて焼くだけ！】１０分で作れる簡単おつまみ・おかず「ニラ玉焼き」の作り方 #shorts #recipe #cooking,https://www.youtube.com/watch?v=XP2cz6hpgB4,kattyanneru/かっちゃんねる,豆腐、卵、にら、小麦粉,"tofu,egg,nira,flour",easy,warm,false,true,米,,,,,,,,unreviewed,
9BAa_E8b2vU,なす味噌丼🧑🏻‍🍳🍆#簡単レシピ #給食 #茄子 #丼 #幼児食 #shorts,https://www.youtube.com/watch?v=9BAa_E8b2vU,給食の先生ゆりまま,挽肉、ご飯・米、なす、ピーマン、ショウガ,"minced_meat,rice,eggplant,bell_pepper,ginger",easy,warm,true,true,肉類,,,,,,,,unreviewed,
n4NEHOew2ho,食材２つだけ！高タンパク質で痩せる鶏ネギ塩炒め弁当【1食200円】,https://www.youtube.com/watch?v=n4NEHOew2ho,りんのおうちごはん,ネギ,green_onion,normal,warm,true,true,葉物野菜,,,,,,,,unreviewed,
sHvKlltB34w,節約食材で！ボリュームたっぷり「厚揚げ南蛮」 #材料と作り方は概要欄 #厚揚げ #厚揚げレシピ #節約 #節約レシピ #レシピ #料理 #フーディストノート #フーディスト,https://www.youtube.com/watch?v=sHvKlltB34w,フーディストノート,鶏肉、厚揚げ、卵、ビーフン・フォー、マヨネーズ,"chicken,atsuage,egg,rice_noodles,mayonnaise",normal,warm,true,true,豆腐・大豆系,,,,,,,,unreviewed,
iabPdt_5KTg,思わず悶絶してしまうほどガチで旨い『和風パスタ』を食べたことはありますか？,https://www.youtube.com/watch?v=iabPdt_5KTg,だれウマ【料理研究家】,豚肉、たこ、パスタ、ネギ、昆布、にんにく、バター,"pork,octopus,pasta,green_onion,kombu,garlic,butter",normal,warm,true,true,魚介,,,,,,,,unreviewed,
17bm1K-wOqM,57歳初めてのせいろ料理,https://www.youtube.com/watch?v=17bm1K-wOqM,りさねーぜ ひとりの戸建て暮らし,鶏肉,chicken,normal,warm,true,true,鶏肉,,,,,,,,unreviewed,
7Zm7CCKEPQ8,【節約レシピ】50円でパスタランチ🍝💕 #節約 #節約レシピ #パスタ,https://www.youtube.com/watch?v=7Zm7CCKEPQ8,いずみ⌇3年で1000万円貯める節約家夫婦,白身魚、パスタ,"whitefish,pasta",normal,warm,false,true,麺,,,,,,,,unreviewed,
SeYu_w3cb9A,食べだしたらとまらない『カリッカリえのき』 #簡単レシピ #節約レシピ #おつまみレシピ,https://www.youtube.com/watch?v=SeYu_w3cb9A,まさまさ・楽うまレシピ,えのき茸、ショウガ、にんにく,"enoki,ginger,garlic",normal,warm,false,true,きのこ,,,,,,,,unreviewed,
C_SNyKS4xl4,【悪魔のチーズメルトソーセージ丼】,https://www.youtube.com/watch?v=C_SNyKS4xl4,まるみキッチン【簡単レシピ】,ご飯・米、にんにく、チーズ、バター,"rice,garlic,cheese,butter",easy,warm,false,true,チーズ・バター・マヨ系,,,,,,,,unreviewed,
4s9NlCSthGo,鶏胸肉を毎日1枚以上食べる料理家が辿り着いた、もはやとろける最高の鶏胸チャーシュー,https://www.youtube.com/watch?v=4s9NlCSthGo,だれウマ【料理研究家】,卵、ネギ、ショウガ、にんにく,"egg,green_onion,ginger,garlic",normal,warm,true,true,卵,,,,,,,,unreviewed,
FapN3xuNc6c,【プロ直伝】 人気うどん屋さんから教わった【手打ちうどん】の作り方を公開します,https://www.youtube.com/watch?v=FapN3xuNc6c,料理人設楽の料理道場,うどん、コーン缶、小麦粉,"udon,corn,flour",easy,warm,false,true,根菜,,,,,,,,unreviewed,
SmeG5uQ16cY,【ご飯系レシピNo.1】オートミール・キャメロン・ディアス丼,https://www.youtube.com/watch?v=SmeG5uQ16cY,ドムス【見るだけで痩せるチャンネル】,卵、ご飯・米、ネギ、玉ねぎ、ショウガ、バター,"egg,rice,green_onion,onion,ginger,butter",easy,warm,true,true,米,,,,,,,,unreviewed,
HDe_3PULafE,無条件に美味しい【ガーリックバター醤油のパスタ】#shorts,https://www.youtube.com/watch?v=HDe_3PULafE,ファビオ飯 /イタリア料理人の世界,ベーコン、ブリ、パスタ、ほうれん草、にんにく、バター,"bacon,yellowtail,pasta,spinach,garlic,butter",normal,warm,false,true,肉類,,,,,,,,unreviewed,
Uah1fQTqB0A,給食で大人気のもずく丼ってどんな味？,https://www.youtube.com/watch?v=Uah1fQTqB0A,あおいの給食室🔪,豚肉、挽肉、ご飯・米、ネギ、ピーマン、玉ねぎ、にんじん、コーン缶、ショウガ,"pork,minced_meat,rice,green_onion,bell_pepper,onion,carrot,corn,ginger",easy,warm,true,true,葉物野菜,,,,,,,,unreviewed,
yMFIMRVbAg8,【食費節約】あるものでやりくりする一人暮らしの自炊記録👩‍🦰🍚｜鶏むね最強レシピとアレンジ🍳 ｜すっきり片付くキッチンリセット🌿,https://www.youtube.com/watch?v=yMFIMRVbAg8,shiroのくらし,鶏肉、豆腐、チーズ,"chicken,tofu,cheese",easy,warm,true,true,豆腐・大豆系,,,,,,,,unreviewed,
fKiWxN4S2v0,1食150円、33歳限界OLのトマトクリームパスタ弁当#shorts#簡単レシピ#パスタ,https://www.youtube.com/watch?v=fKiWxN4S2v0,ゆみ⌇年150万貯める独身女の冷凍ｽﾄｯｸ,ツナ、パスタ、ネギ、トマト、玉ねぎ、にんにく、チーズ、牛乳,"canned_tuna,pasta,green_onion,tomato,onion,garlic,cheese,milk",easy,warm,true,true,魚介,,,,,,,,unreviewed,
FSmRRnLQFyI,【食費節約術】食費1ヶ月2万円代/4人家族の夜ご飯5選！ルーティン主婦【業務スーパー】,https://www.youtube.com/watch?v=FSmRRnLQFyI,ヒナマル,鶏肉、ショウガ,"chicken,ginger",normal,warm,true,true,鶏肉,,,,,,,,unreviewed,
GgdS1NeuLqg,【店級のパスタが食べい人必見】激うまボロネーゼ #マッチョ #料理 #元カレ #筋肉番付 #暮らしチャンネル #パスタ #簡単 #cooking #飯テロ,https://www.youtube.com/watch?v=GgdS1NeuLqg,マッチョ元カレごはんがうますぎる,パスタ,pasta,normal,warm,false,true,麺,,,,,,,,unreviewed,
MeOInYZO538,【カリカリえのき】#ワーママごはん #簡単レシピ #簡単おかず #時短レシピ #えのき,https://www.youtube.com/watch?v=MeOInYZO538,かろ🍳ワーママ楽うまワンパンレシピ,えのき茸,enoki,normal,warm,false,true,きのこ,,,,,,,,unreviewed,
gHqqKlakmSk,【たった100円】金無きゃこれくってろうどん#PR #JOYL,https://www.youtube.com/watch?v=gHqqKlakmSk,料理研究家リュウジのバズレシピ,挽肉、卵、うどん、パスタ、もやし、にんにく、マヨネーズ,"minced_meat,egg,udon,pasta,bean_sprouts,garlic,mayonnaise",easy,warm,false,true,チーズ・バター・マヨ系,,,,,,,,unreviewed,
nGpcRyZtHq0,【レンジで簡単！絶品鶏むねチャーシュー】,https://www.youtube.com/watch?v=nGpcRyZtHq0,まるみキッチン【簡単レシピ】,鶏肉、卵、ショウガ、にんにく、マヨネーズ,"chicken,egg,ginger,garlic,mayonnaise",easy,warm,true,true,卵,,,,,,,,unreviewed,
R23bMl2Sdc0,やる気1%で作れちゃうめんつゆ鶏がら冷やしうどん,https://www.youtube.com/watch?v=R23bMl2Sdc0,ハマごはん【お手軽レシピ】,うどん、ネギ、ショウガ、にんにく,"udon,green_onion,ginger,garlic",easy,cold,true,true,根菜,,,,,,,,unreviewed,
_uGyrwkUx6Y,小麦粉と水で作る 手打ちうどん,https://www.youtube.com/watch?v=_uGyrwkUx6Y,よつばの事情,うどん、小麦粉,"udon,flour",easy,warm,false,true,米,,,,,,,,unreviewed,
L5pe410Yx5c,忙しい日でも簡単に作れる最強に美味しい照り照り目玉焼き,https://www.youtube.com/watch?v=L5pe410Yx5c,ハマごはん【お手軽レシピ】,ベーコン、卵,"bacon,egg",normal,warm,false,true,肉類,,,,,,,,unreviewed,
v0yYVIeVeLg,【厚揚げとピーマンのそぼろ餡 】#簡単レシピ #おうちごはん #料理 #簡単料理 #おうちごはんラバー #夜ごはん #レシピ付き #時短レシピ #夜ご飯,https://www.youtube.com/watch?v=v0yYVIeVeLg,Aya(つくあや),挽肉、厚揚げ、ピーマン,"minced_meat,atsuage,bell_pepper",easy,warm,false,true,葉物野菜,,,,,,,,unreviewed,
k-kPqW3bd-s,【仕事から帰宅後に作る時短レシピ】安くておいしい最強レシピ/頑張らない晩ごはん/体力なし40代母の時短料理/簡単レシピ/簡単おかず,https://www.youtube.com/watch?v=k-kPqW3bd-s,LiLy's room,豚肉、鶏肉、豆腐、厚揚げ、卵、ビーフン・フォー、キャベツ、ネギ、トマト、ブロッコリー、ごぼう、レンコン、昆布、チーズ、マヨネーズ,"pork,chicken,tofu,atsuage,egg,rice_noodles,cabbage,green_onion,tomato,broccoli,burdock,lotus_root,kombu,cheese,mayonnaise",normal,warm,true,true,豆腐・大豆系,,,,,,,,unreviewed,
8yX-agKXZcI,たことミニトマトの出汁を吸ったパスタがお店級に美味いです。 #パスタ #レシピ #簡単レシピ #shorts,https://www.youtube.com/watch?v=8yX-agKXZcI,かずき@簡単パスタレシピ,たこ、パスタ、トマト,"octopus,pasta,tomato",normal,warm,true,true,魚介,,,,,,,,unreviewed,
5d-r8rLTr00,【家にある調味料で作る】簡単絶品親子丼レシピ大公開！【フライパンでふわとろ食感♪】,https://www.youtube.com/watch?v=5d-r8rLTr00,デリッシュキッチン,鶏肉、卵、ご飯・米、ネギ、玉ねぎ,"chicken,egg,rice,green_onion,onion",easy,warm,true,true,鶏肉,,,,,,,,unreviewed,
O9Im7jqMRBc,300万回再生された○🐢再現レシピ #shorts,https://www.youtube.com/watch?v=O9Im7jqMRBc,Noa│家族ごはん,うどん,udon,normal,warm,false,true,麺,,,,,,,,unreviewed,
U_9KrBg1lMs,和風きのこパスタの作り方｜フライパン1つで簡単！きのこの旨みたっぷりで風味豊かな和風パスタ！忙しい日にピッタリ！-How to make Mushroom Pasta-【料理研究家ゆかり】,https://www.youtube.com/watch?v=U_9KrBg1lMs,料理研究家ゆかりのおうちで簡単レシピ / Yukari's Kitchen,ベーコン、卵、パスタ、ネギ、トマト、しめじ、にんにく、バター,"bacon,egg,pasta,green_onion,tomato,shimeji,garlic,butter",normal,warm,true,true,きのこ,,,,,,,,unreviewed,
S8nhMhGUzKE,【ボリューム満点！がっつり肉レシピ7選】簡単なのにまるでお店！メインおかずに食べて大満足♡,https://www.youtube.com/watch?v=S8nhMhGUzKE,macaroni | マカロニ,牛肉、豚肉、鶏肉、ネギ、玉ねぎ、にんにく、チーズ,"beef,pork,chicken,green_onion,onion,garlic,cheese",normal,warm,true,true,チーズ・バター・マヨ系,,,,,,,,unreviewed,
fM_jTRBoR0U,【究極のユッケだれTKG】,https://www.youtube.com/watch?v=fM_jTRBoR0U,まるみキッチン【簡単レシピ】,卵,egg,normal,warm,false,true,卵,,,,,,,,unreviewed,
bUrAt9QylSs,鶏肉なしでこの美味しさ!【玉ねぎと卵だけ!のたまご丼】の作り方/王道の甘じょっばい味がいい♪,https://www.youtube.com/watch?v=bUrAt9QylSs,つぶあんの簡単ゆったりクッキング,鶏肉、卵、ご飯・米、ネギ、玉ねぎ,"chicken,egg,rice,green_onion,onion",easy,warm,true,true,根菜,,,,,,,,unreviewed,
y3orqlR3f4o,スーパーの値引きされたトンカツで絶品ズボラカツ丼,https://www.youtube.com/watch?v=y3orqlR3f4o,ハマごはん【お手軽レシピ】,卵、ご飯・米、ネギ、玉ねぎ,"egg,rice,green_onion,onion",easy,warm,true,true,米,,,,,,,,unreviewed,
ge059ZJhfbQ,【スタミナ丼】甘辛で美味しいプロの料理人の作り方,https://www.youtube.com/watch?v=ge059ZJhfbQ,「一品料理」マサちゃんねる,豚肉、卵、ご飯・米、ネギ、ショウガ、にんにく,"pork,egg,rice,green_onion,ginger,garlic",easy,warm,true,true,肉類,,,,,,,,unreviewed,
k8cgRiN4j-4,美味しい豚丼３００円【万能のただならぬタレを是非】小間肉でも極旨です おに豚丼。,https://www.youtube.com/watch?v=k8cgRiN4j-4,くまの限界食堂,ご飯・米、ネギ、ショウガ、にんにく,"rice,green_onion,ginger,garlic",easy,warm,true,true,葉物野菜,,,,,,,,unreviewed,
hvAjs5YyEZw,肉がパサつかない！こんなに柔らかいなんて！【やわらか鶏むね肉のねぎニラまみれ】詳しいレシピは概要欄をチェック！#鶏むね肉 #鶏肉#レシピ動画#簡単レシピ #料理動画,https://www.youtube.com/watch?v=hvAjs5YyEZw,デリッシュキッチン,鶏肉、豆腐、そうめん、にら、ネギ,"chicken,tofu,somen,nira,green_onion",normal,warm,true,true,豆腐・大豆系,,,,,,,,unreviewed,
xoJ5VTF_KdI,【タラと塩昆布のやみつき和風パスタ🐟✨】 #パスタ #時短節約 #料理 #pasta #cooking #自炊 #noodles #food #簡単レシピ,https://www.youtube.com/watch?v=xoJ5VTF_KdI,のどか⌇10分で彼に褒められるパスタ,白身魚、パスタ、ネギ、昆布、にんにく、バター,"whitefish,pasta,green_onion,kombu,garlic,butter",normal,warm,true,true,魚介,,,,,,,,unreviewed,
djX5O9HUHjA,"【節約主婦の本気】予算４,０００円で家族が喜ぶ「５日間の晩ごはん作り」に挑戦した結果｜食費節約/節約レシピ/料理/５人家族",https://www.youtube.com/watch?v=djX5O9HUHjA,リッチじゃない暮らし,牛肉、鶏肉、挽肉、白身魚、豆腐、卵、ラーメン、napa_cabbage、ネギ、もやし、なす、ピーマン、にんじん、かぼちゃ、ショウガ、にんにく、チーズ、バター、マヨネーズ、牛乳、小麦粉,"beef,chicken,minced_meat,whitefish,tofu,egg,ramen,napa_cabbage,green_onion,bean_sprouts,eggplant,bell_pepper,carrot,pumpkin,ginger,garlic,cheese,butter,mayonnaise,milk,flour",normal,warm,true,true,鶏肉,,,,,,,,unreviewed,
_iAn2wKW_Xw,【最高傑作】ついに人生で一番美味しいカルボナーラが完成したから絶対に見てほしい #リュウジ #料理 #shorts,https://www.youtube.com/watch?v=_iAn2wKW_Xw,料理研究家リュウジのバズレシピ,パスタ,pasta,normal,warm,false,true,麺,,,,,,,,unreviewed,
mO-9aQFdABI,絶品中華丼🧑🏻‍🍳#簡単レシピ #中華丼 #給食 #shorts,https://www.youtube.com/watch?v=mO-9aQFdABI,給食の先生ゆりまま,豚肉、ご飯・米、napa_cabbage、ネギ、玉ねぎ、にんじん、しいたけ、ショウガ,"pork,rice,napa_cabbage,green_onion,onion,carrot,shiitake,ginger",easy,warm,true,true,きのこ,,,,,,,,unreviewed,
vVa25bd9Kfw,革命！｜イタリア人に教わった【トマトクリームパスタ】トマトペーストで簡単パスタ#shorts,https://www.youtube.com/watch?v=vVa25bd9Kfw,ファビオ飯 /イタリア料理人の世界,パスタ、トマト、チーズ、バター,"pasta,tomato,cheese,butter",normal,warm,true,true,チーズ・バター・マヨ系,,,,,,,,unreviewed,
rJrqt7on9Cw,【冷やしうどんレシピ10選】暑い日に食べたい！さっぱり簡単うどんアレンジ,https://www.youtube.com/watch?v=rJrqt7on9Cw,macaroni | マカロニ,牛肉、挽肉、ツナ、卵、うどん、パスタ、napa_cabbage、きゅうり、ネギ、トマト、ピーマン、玉ねぎ、大根、わかめ、ショウガ、にんにく、バター、カレールゥ,"beef,minced_meat,canned_tuna,egg,udon,pasta,napa_cabbage,cucumber,green_onion,tomato,bell_pepper,onion,daikon,wakame,ginger,garlic,butter,curry_roux",easy,cold,true,true,卵,,,,,,,,unreviewed,
V3-vEVA4DFM,【節約レシピ】4人家族平日5日間の晩ごはんレシピ！1食約100円の激安料理/平日1週間分の晩ご飯紹介,https://www.youtube.com/watch?v=V3-vEVA4DFM,4人家族ぴーちの節約術,豚肉、鶏肉、挽肉、サバ、ツナ、豆腐、キャベツ、napa_cabbage、小松菜、ネギ、もやし、トマト、玉ねぎ、にんじん、大根、えのき茸、ショウガ、にんにく,"pork,chicken,minced_meat,mackerel,canned_tuna,tofu,cabbage,napa_cabbage,komatsuna,green_onion,bean_sprouts,tomato,onion,carrot,daikon,enoki,ginger,garlic",normal,warm,true,true,根菜,,,,,,,,unreviewed,
6bIZdZkSEmY,野菜もりもり食べれちゃう！そぼろ丼の作り方✨ #おうちごはん #shots,https://www.youtube.com/watch?v=6bIZdZkSEmY,まみ(mami) ラクうまごはん,挽肉、ご飯・米、小松菜、にんじん、ショウガ,"minced_meat,rice,komatsuna,carrot,ginger",easy,warm,true,true,米,,,,,,,,unreviewed,
P4AAXcpLPoY,やみつきになるモチモチ食感！フライドうどん ｜ How To Make Fried Japanese Wheat Noodle,https://www.youtube.com/watch?v=P4AAXcpLPoY,デリッシュキッチン,鶏肉、ベーコン、うどん、ネギ、じゃが芋、玉ねぎ、大根、チーズ、バター、マヨネーズ、小麦粉,"chicken,bacon,udon,green_onion,potato,onion,daikon,cheese,butter,mayonnaise,flour",easy,warm,true,true,肉類,,,,,,,,unreviewed,
H_MthNY1WTE,ブロッコリー茹でちゃダメ！ #youtubeshorts #簡単レシピ #時短レシピ,https://www.youtube.com/watch?v=H_MthNY1WTE,Akkaの時短クッキング,ブロッコリー,broccoli,easy,warm,false,true,葉物野菜,,,,,,,,unreviewed,
yQD28fALc0s,【 食費月一万円 】節約ごはんを楽しむ一人暮らし社会人のごはん記録 / 野菜保存法🥕 / おにぎり大量ストック🍙🧡,https://www.youtube.com/watch?v=yQD28fALc0s,shiroのくらし,豚肉、サケ、ツナ、厚揚げ、卵、ご飯・米、ほうれん草、コーン缶、昆布、ショウガ、バター,"pork,salmon,canned_tuna,atsuage,egg,rice,spinach,corn,kombu,ginger,butter",normal,warm,true,true,豆腐・大豆系,,,,,,,,unreviewed,
TqlBj2j-jSc,地味ご飯の時に助かるラディッシュ菜飯 #時短レシピ #夏レシピ #主婦 #簡単料理 #ライフハック #料理 #知ってて得する #豆知識 #shorts #ラディッシュ #菜飯 #混ぜご飯,https://www.youtube.com/watch?v=TqlBj2j-jSc,冷凍子ママ,たこ,octopus,easy,warm,false,true,魚介,,,,,,,,unreviewed,
T7uG9tuRyQQ,㊗️80万再生 基本の照り焼き鶏肉の作り方,https://www.youtube.com/watch?v=T7uG9tuRyQQ,家政夫ミツキの10分作りおき,鶏肉,chicken,normal,warm,true,true,鶏肉,,,,,,,,unreviewed,
j8RGWROicl4,1皿98円。トマトソース買うのがバカらしくなるウマさだこれ【虚無トマトパスタ】 #リュウジ #料理 #パスタ,https://www.youtube.com/watch?v=j8RGWROicl4,料理研究家リュウジのバズレシピ,パスタ、トマト,"pasta,tomato",normal,warm,true,true,麺,,,,,,,,unreviewed,
bCeYSaFAXOA,懐かしの昭和の味！笠原流【焼きうどん】の作り方,https://www.youtube.com/watch?v=bCeYSaFAXOA,【賛否両論】笠原将弘の料理のほそ道,豚肉、うどん、ビーフン・フォー、キャベツ、ネギ、ピーマン、にんじん、しいたけ、ショウガ,"pork,udon,rice_noodles,cabbage,green_onion,bell_pepper,carrot,shiitake,ginger",easy,warm,true,true,きのこ,,,,,,,,unreviewed,
Xktr0gbHbK0,ウィンナーと卵さえあれば作れる超最強おかず。ご飯無限です,https://www.youtube.com/watch?v=Xktr0gbHbK0,だれウマ【料理研究家】,卵、マヨネーズ,"egg,mayonnaise",normal,warm,false,true,チーズ・バター・マヨ系,,,,,,,,unreviewed,
OWFmmA1Fa-w,10分で激うま！焼き鳥丼 #簡単レシピ #今日の晩ごはん #ワーママご飯 #ワンパンレシピ #おうちごはん #時短レシピ #こどもごはん #焼き鳥 #鶏肉レシピ,https://www.youtube.com/watch?v=OWFmmA1Fa-w,つき,鶏肉、卵、ご飯・米、ネギ,"chicken,egg,rice,green_onion",easy,warm,true,true,卵,,,,,,,,unreviewed,
BKHdBp6HH_k,レンジで簡単🥟包まない小籠包 #料理 #レシピ #小籠包 #時短料理 #shorts,https://www.youtube.com/watch?v=BKHdBp6HH_k,いとえり時短クッキング,挽肉、ネギ、ショウガ,"minced_meat,green_onion,ginger",easy,warm,true,true,根菜,,,,,,,,unreviewed,
r2JXTDz7Qf8,【再現】吉野家の牛丼の再現!!テレビでも紹介された大絶賛レシピ。,https://www.youtube.com/watch?v=r2JXTDz7Qf8,再現レシピ稲垣飛鳥のasucafe channel,牛肉、ご飯・米、ネギ、玉ねぎ、ショウガ,"beef,rice,green_onion,onion,ginger",easy,warm,true,true,米,,,,,,,,unreviewed,
hkpA_NetwFo,たった125円！たった7分！究極の節約飯の『すき焼き丼』が悶絶級に旨いっ！,https://www.youtube.com/watch?v=hkpA_NetwFo,だれウマ【料理研究家】,豚肉、卵、ご飯・米、ネギ,"pork,egg,rice,green_onion",easy,warm,true,true,肉類,,,,,,,,unreviewed,
5fDke9I_PVQ,やみつき肉巻きキャベツの作り方！#簡単レシピ #キャベツ #shorts,https://www.youtube.com/watch?v=5fDke9I_PVQ,料理研究家ゆかりのおうちで簡単レシピ / Yukari's Kitchen,豚肉、卵、キャベツ、ショウガ、にんにく,"pork,egg,cabbage,ginger,garlic",normal,warm,true,true,葉物野菜,,,,,,,,unreviewed,
VvS9AHhg4cc,手取り18万円OLの100円レシピ⁡#自炊 #料理 #一人暮らし #簡単 #節約 #cooking #小籠包,https://www.youtube.com/watch?v=VvS9AHhg4cc,みぃ | 手取り19万円上京OL,挽肉、豆腐、ネギ、玉ねぎ、ショウガ、にんにく,"minced_meat,tofu,green_onion,onion,ginger,garlic",easy,warm,true,true,豆腐・大豆系,,,,,,,,unreviewed,
pGDE3cs_vAM,やる気1%でワンパン和風パスタ,https://www.youtube.com/watch?v=pGDE3cs_vAM,まるみキッチン【簡単レシピ】,ツナ、卵、パスタ、ネギ、にんにく、マヨネーズ,"canned_tuna,egg,pasta,green_onion,garlic,mayonnaise",normal,warm,true,true,魚介,,,,,,,,unreviewed,
PWhyYoay-L8,1食190円チキンマカロニグラタン弁当#shorts#簡単レシピ#節約レシピ,https://www.youtube.com/watch?v=PWhyYoay-L8,ゆみ⌇年150万貯める独身女の冷凍ｽﾄｯｸ,鶏肉、ネギ、玉ねぎ、しめじ、チーズ、バター、牛乳、小麦粉,"chicken,green_onion,onion,shimeji,cheese,butter,milk,flour",easy,warm,true,true,鶏肉,,,,,,,,unreviewed,
UZeUikY2U8Q,最高においしい牛丼の作り方/ How to make the most delicious gyudon,https://www.youtube.com/watch?v=UZeUikY2U8Q,Ryogo,ご飯・米、パスタ,"rice,pasta",easy,warm,false,true,麺,,,,,,,,unreviewed,
TxjW2BdLhaE,超簡単【レンチンパスタ】白だしを混ぜてチンするだけですぐ食べられる♪市販のパスタもう買えない,https://www.youtube.com/watch?v=TxjW2BdLhaE,夫手取り17万円の節約ごはん,ベーコン、パスタ、しめじ、にんにく,"bacon,pasta,shimeji,garlic",normal,warm,false,true,きのこ,,,,,,,,unreviewed,
_1ZkqakvXeA,【誰でも簡単】ドケチ主婦が月４万円で暮らすために実践する「食費節約術７選」｜節約レシピ紹介/節約生活/５人家族,https://www.youtube.com/watch?v=_1ZkqakvXeA,リッチじゃない暮らし,鶏肉、豆腐、ビーフン・フォー、パスタ、ネギ、もやし、トマト、玉ねぎ、大根、にんにく、チーズ,"chicken,tofu,rice_noodles,pasta,green_onion,bean_sprouts,tomato,onion,daikon,garlic,cheese",easy,warm,true,true,チーズ・バター・マヨ系,,,,,,,,unreviewed,
sCSd31meCwE,【簡単レシピ】フライパン一つで完成！カルボナーラ #shorts,https://www.youtube.com/watch?v=sCSd31meCwE,【料理研究家 水野あき】3児のママの時短レシピ,ベーコン、卵、パスタ、にんにく、チーズ、牛乳,"bacon,egg,pasta,garlic,cheese,milk",normal,warm,false,true,卵,,,,,,,,unreviewed,
pEcyz3X5-Wg,やる気1%でピリ辛まぜうどん,https://www.youtube.com/watch?v=pEcyz3X5-Wg,まるみキッチン【簡単レシピ】,卵、うどん、にんにく,"egg,udon,garlic",easy,warm,false,true,根菜,,,,,,,,unreviewed,
1hiR6Wsb2E0,答えは0:07秒あたりを見てね【卵だけあんかけ丼】丁寧に工程を見たい人はアプリで検索♪#卵 #たまご #丼 #丼飯 #あんかけ #中華料理 #天津飯 #簡単レシピ #レシピ動画 #料理動画,https://www.youtube.com/watch?v=1hiR6Wsb2E0,デリッシュキッチン,卵、ご飯・米、ネギ、ショウガ、マヨネーズ,"egg,rice,green_onion,ginger,mayonnaise",easy,warm,true,true,米,,,,,,,,unreviewed,
9u-cnryG3VU,豚肉と玉ねぎのうどん#簡単レシピ#レシピ#うどん#簡単料理#料理,https://www.youtube.com/watch?v=9u-cnryG3VU,まゆみの愛情キッチン,豚肉、うどん、ネギ、玉ねぎ、ショウガ,"pork,udon,green_onion,onion,ginger",easy,warm,true,true,肉類,,,,,,,,unreviewed,
o-txnOqg9OI,究極のやみつき無限きゅうり,https://www.youtube.com/watch?v=o-txnOqg9OI,まるみキッチン【簡単レシピ】,ツナ、きゅうり,"canned_tuna,cucumber",normal,warm,true,true,葉物野菜,,,,,,,,unreviewed,
N8pYxmyx4cE,【節約レシピ】厚揚げ大葉チーズ,https://www.youtube.com/watch?v=N8pYxmyx4cE,節約レシピ,厚揚げ、チーズ,"atsuage,cheese",normal,warm,false,true,豆腐・大豆系,,,,,,,,unreviewed,
9U9CBWraNhI,ポテトサラダまだ茹でてる🥔？#YouTubeshorts #レシピ #ポテトサラダ #時短 #時短レシピ #アイラップ,https://www.youtube.com/watch?v=9U9CBWraNhI,Akkaの時短クッキング,ハム、ベーコン、ツナ、卵、きゅうり、じゃが芋、にんじん、マヨネーズ,"ham,bacon,canned_tuna,egg,cucumber,potato,carrot,mayonnaise",easy,cold,true,false,魚介,,,,,,,,unreviewed,
t73GhEe2ddg,一度に作って大量冷凍！忙しくても手間なしで野菜＆たんぱく質がとれる【一人鍋冷凍セット】基本のストックとアレンジレシピ5選,https://www.youtube.com/watch?v=t73GhEe2ddg,おすぎ(管理栄養士),鶏肉、挽肉、キャベツ、トマト、にんじん、かぼちゃ、レンコン、しめじ、チーズ、バター、カレールゥ,"chicken,minced_meat,cabbage,tomato,carrot,pumpkin,lotus_root,shimeji,cheese,butter,curry_roux",normal,cold,true,true,鶏肉,,,,,,,,unreviewed,
qrCTLXlXQMM,【時短レシピ10選】10分でパパッと完成！スピードメニューレシピ♪｜macaroni（マカロニ）,https://www.youtube.com/watch?v=qrCTLXlXQMM,macaroni | マカロニ,豚肉、ベーコン、サバ、厚揚げ、卵、うどん、中華麺、キャベツ、napa_cabbage、にら、ネギ、もやし、トマト、なす、えのき茸、しいたけ、ショウガ、にんにく、チーズ、バター、マヨネーズ,"pork,bacon,mackerel,atsuage,egg,udon,noodles,cabbage,napa_cabbage,nira,green_onion,bean_sprouts,tomato,eggplant,enoki,shiitake,ginger,garlic,cheese,butter,mayonnaise",easy,warm,true,true,麺,,,,,,,,unreviewed,
NH_84NdsTI4,レンジで6分！やみつきえのき漬け #簡単レシピ #時短レシピ #ダイエットレシピ #ヘルシーレシピ #無添加,https://www.youtube.com/watch?v=NH_84NdsTI4,むに ⌇ 共働き夫婦のゆる無添加🌿,ネギ、えのき茸、にんにく,"green_onion,enoki,garlic",easy,cold,true,true,きのこ,,,,,,,,unreviewed,
1-U-XOMgVQM,某チェーン店さん本当にごめんなさいパスタ#shorts #リュウジ #カプリチョーザ #再現 #レシピ #パスタ #料理,https://www.youtube.com/watch?v=1-U-XOMgVQM,料理研究家リュウジのバズレシピ,パスタ、ネギ、トマト、玉ねぎ、にんにく、チーズ,"pasta,green_onion,tomato,onion,garlic,cheese",normal,warm,true,true,チーズ・バター・マヨ系,,,,,,,,unreviewed,
S5FeHK8Lf20,究極の手抜き焼きそば。これでいいんだよ。「焼きそば焼き」 詳しいレシピは概要欄をチェック！#簡単レシピ #焼きそば #一人暮らし #節約レシピ #料理動画 #shorts,https://www.youtube.com/watch?v=S5FeHK8Lf20,デリッシュキッチン,卵、そば、中華麺、ネギ、マヨネーズ,"egg,soba,noodles,green_onion,mayonnaise",easy,warm,true,true,卵,,,,,,,,unreviewed,
9NJSd8dtwQY,イタリアンシェフが教える想像を超えるパスタ「ミントとチーズのスパゲッティー」【イタリアンプロ養成講座 vol.197】,https://www.youtube.com/watch?v=9NJSd8dtwQY,小倉知巳のイタリアンプロ養成講座,パスタ、トマト、ショウガ、にんにく、チーズ、バター,"pasta,tomato,ginger,garlic,cheese,butter",normal,warm,true,true,根菜,,,,,,,,unreviewed,
GIMYieI6bTQ,[町中華]元ラーメン屋が作る坦々うどん#ラーメン#shorts,https://www.youtube.com/watch?v=GIMYieI6bTQ,えびすごはん 料理研究家 えびすまさき,えび、うどん、ラーメン、ネギ、牛乳、小麦粉,"shrimp,udon,ramen,green_onion,milk,flour",easy,warm,true,true,米,,,,,,,,unreviewed,
a9J1ap9E0ec,簡単すぎる。絶品肉つけうどん🥢 #簡単レシピ #ズボラ飯,https://www.youtube.com/watch?v=a9J1ap9E0ec,腹へったch,豚肉、うどん、ネギ,"pork,udon,green_onion",easy,warm,true,true,肉類,,,,,,,,unreviewed,
u3_dLqrWRuE,牛丼の作り方｜おうちで簡単にお店の味！ちょっと一手間で激ウマに仕上がる絶品牛丼レシピ！旨味たっぷりで最後の一口まで大満足！-How to make【料理研究家ゆかり】,https://www.youtube.com/watch?v=u3_dLqrWRuE,料理研究家ゆかりのおうちで簡単レシピ / Yukari's Kitchen,牛肉、豚肉、卵、ご飯・米、napa_cabbage、ネギ、玉ねぎ、ショウガ,"beef,pork,egg,rice,napa_cabbage,green_onion,onion,ginger",easy,warm,true,true,葉物野菜,,,,,,,,unreviewed,
50_nURL62nM,#肉豆腐 #japanesefood #簡単レシピ #簡単料理 #自炊 #おうちごはん #cooking #豆腐,https://www.youtube.com/watch?v=50_nURL62nM,うんうん,豆腐,tofu,normal,warm,false,true,豆腐・大豆系,,,,,,,,unreviewed,
GBbapHXLcZc,【2ヶ月で6キロ痩せた】食べ痩せ豆腐グラタン #ダイエットレシピ #簡単レシピ,https://www.youtube.com/watch?v=GBbapHXLcZc,うちこ【ダイエットレシピ】,えび、豆腐、卵、チーズ,"shrimp,tofu,egg,cheese",easy,warm,false,true,魚介,,,,,,,,unreviewed,
d_org5K7DT0,我慢しない鶏むねユッケ丼 #彼ごはん#彼ご飯#自炊#簡単レシピ#ヘルシーレシピ#ダイエットレシピ#太らないレシピ#鶏むねユッケ#どんぶり#鶏むねレシピ#高タンパクレシピ#筋肉レシピ#レンチンレシピ,https://www.youtube.com/watch?v=d_org5K7DT0,なぎ【冷凍弁当で月1万円節約】,鶏肉、ご飯・米,"chicken,rice",easy,warm,true,true,鶏肉,,,,,,,,unreviewed,
yyk948nJ-nM,冷たいのにコクうま！究極の冷しゃぶうどんがマジで止まらん！,https://www.youtube.com/watch?v=yyk948nJ-nM,ハマごはん【お手軽レシピ】,豚肉、うどん、ネギ,"pork,udon,green_onion",easy,cold,true,true,麺,,,,,,,,unreviewed,
AO5FQXhyjoA,基本のオムライスの作り方｜おうちで簡単プロの味！昔ながらの洋食屋さんのオムライス！#オムライス #卵料理 #shorts,https://www.youtube.com/watch?v=AO5FQXhyjoA,料理研究家ゆかりのおうちで簡単レシピ / Yukari's Kitchen,鶏肉、卵、ご飯・米、ネギ、玉ねぎ、しめじ、バター、マヨネーズ,"chicken,egg,rice,green_onion,onion,shimeji,butter,mayonnaise",normal,warm,true,true,きのこ,,,,,,,,unreviewed,
