video_id,title,video_url,exact_ingredients,time,temperature,uses_knife,uses_heat,richness,oil,effort,reviewer,reviewed_at,review_status,source,notes,visual_knife
LSbSjMdWCOc,【卵液不要】10分でチーズ溢れる豚しそカツ| 包丁も使いません。,https://www.youtube.com/watch?v=LSbSjMdWCOc,"pork,cheese,mayonnaise",easy,warm,false,true,,5,3,Codex,2026-08-23,confirmed,title/manual,"卵液不要なのでeggを除外。料理名が豚しそカツなのでchickenを除外。しそは現在のタグ辞書に未定義。"
5d-r8rLTr00,【家にある調味料で作る】簡単絶品親子丼レシピ大公開！【フライパンでふわとろ食感♪】,https://www.youtube.com/watch?v=5d-r8rLTr00,"chicken,egg,rice,green_onion,onion",easy,warm,true,true,,2,1,Codex,2026-08-23,confirmed,title/manual,"親子丼にwhitefishが混入していたため除外。一般的な親子丼構成に合わせて補正。"
RmnpWkWnyk8,牛丼をそのまま煮るのは大損！安い肉が劇的にトロトロになる元店員の秘密の下準備。 #牛丼の作り方 #おすすめ #裏技 #暮らしの知恵 #主婦の知恵,https://www.youtube.com/watch?v=RmnpWkWnyk8,,,,,,,,,Codex,2026-09-24,excluded,title/manual,"下準備・裏技説明が中心で、推薦対象の完成レシピ動画として扱わない。"
bzGXhh0LryM,【食費月1万円】節約の裏技！野菜を捨てない保存術と5日間のリアルな自炊記録🍚,https://www.youtube.com/watch?v=bzGXhh0LryM,,,,,,,,,Codex,2026-09-24,excluded,title/manual,"保存術・自炊記録が中心で、単体の完成レシピ動画として扱わない。"
Gk8wfg9qEvI,【2ch有益スレ】一人暮らし自炊民のワイにマジで健康な貧乏飯レシピ教えてw【ゆっくり解説】,https://www.youtube.com/watch?v=Gk8wfg9qEvI,,,,,,,,,Codex,2026-09-24,excluded,title/manual,"掲示板まとめ・解説形式で、推薦対象の料理動画として扱わない。"
DN6mKlflhMo,【2ch有益スレ】一人暮らしのワイにガチ簡単な料理教えてクレメンスｗ【ゆっくり解説】,https://www.youtube.com/watch?v=DN6mKlflhMo,,,,,,,,,Codex,2026-09-24,excluded,title/manual,"掲示板まとめ・解説形式で、推薦対象の料理動画として扱わない。"
-hh1p01-vuY,【2ch有益スレ】ガチ一人暮らし自炊勢の最強食費節約術をまてめて挙げてけw【ゆっくり解説】,https://www.youtube.com/watch?v=-hh1p01-vuY,,,,,,,,,Codex,2026-09-24,excluded,title/manual,"掲示板まとめ・節約術解説で、単体の完成レシピ動画として扱わない。"
Zco1hcFW2DY,【知らないと損！時短ゆで卵 裏技】 #ライフハック #暮らし #裏技 #ゆで卵,https://www.youtube.com/watch?v=Zco1hcFW2DY,,,,,,,,,Codex,2026-09-24,excluded,title/manual,"家事ハック・裏技が中心で、完成レシピ動画として扱わない。"
r74Bfjk8mYg,【時短・節約！もう茹でん激うまゆで卵】#ゆで卵レシピ #時短レシピ #節約レシピ #ズボラ飯 #家事ハック #暮らしの知恵 #ズボラ主婦 #便利ワザ #料理の裏ワザ #キッチンハック,https://www.youtube.com/watch?v=r74Bfjk8mYg,,,,,,,,,Codex,2026-09-24,excluded,title/manual,"家事ハック・裏技が中心で、完成レシピ動画として扱わない。"
BwX7JO5v6g8,知らないと損する【ステーキ肉の焼き方】スーパーの薄い肉が高級ステーキになる方法 #shorts,https://www.youtube.com/watch?v=BwX7JO5v6g8,,,,,,,,,Codex,2026-09-24,excluded,title/manual,"焼き方・技術解説が中心で、条件に合う完成レシピ動画として扱わない。"
1TGzuBboYXE,悪魔のてりたまベーコン丼,https://www.youtube.com/watch?v=1TGzuBboYXE,"bacon,egg,rice",easy,warm,true,true,,4,1,Codex,2026-09-24,confirmed,video/manual,"動画内の包丁写り込み・ベーコン調理を包丁ありとして補正。",true
TZ3HXRrWMd0,親子丼をパスタにしたら凄すぎる事に気付いた料理人の簡単レシピ【10分で作れる】,https://www.youtube.com/watch?v=TZ3HXRrWMd0,"chicken,egg,pasta",easy,warm,false,true,,3,1,Codex,2026-09-25,confirmed,title/manual,"タイトルと説明文から親子丼の米料理ではなくパスタ料理として補正。riceを除外し、焼き鳥缶由来のchickenを追加。",false
rHtNwUI6LUg,【一食100円】マジでこれうなぎ屋さんキレんだろ丼#shorts #リュウジ #うなぎ #うな丼 #レシピ #料理 #バズレシピ,https://www.youtube.com/watch?v=rHtNwUI6LUg,"tofu,rice",easy,warm,false,true,,2,1,Codex,2026-09-26,confirmed,title/manual,"説明文冒頭の関連動画名と書籍紹介からshellfish/pastaを誤抽出していたため、今回のレシピ材料に合わせて補正。",false
h_IcKPmseHs,【ダイエットレシピ】週一以上食べてる爆速健康ワンパンご飯の作り方！【PFCバランス◎/時短/1人ご飯】,https://www.youtube.com/watch?v=h_IcKPmseHs,,,,,,,,,Codex,2026-09-29,excluded,title/manual,"約27分の長尺かつ複数レシピ紹介で、条件に合う単体の短尺レシピ動画として扱わない。",
408Qpsxgm4A,【レンジで簡単】【しっとりサラダチキン】うどんスープを使って誰でも簡単に作れるのにしっとりしてて超美味しく仕上がる！#short#簡単レシピ#料理,https://www.youtube.com/watch?v=408Qpsxgm4A,chicken,easy,warm,false,true,2,1,1,Codex,2026-09-29,confirmed,title/manual,"うどんスープは調味料名であり、うどん・ビーフン等の麺料理ではないため、中心食材を鶏肉に補正。",false
Q6W5dROQT4w,#57 あと一品！中華スープを作ってみた（簡単レシピ）,https://www.youtube.com/watch?v=Q6W5dROQT4w,"minced_meat,green_onion,wakame",easy,warm,true,true,,1,1,Codex,2026-10-05,confirmed,title/manual,"中華スープであり、中華麺・ラーメン料理ではないため麺タグを除外。",false
cYefZaTMLXg,JALに乗ると必ず飲めるあの異常に旨いコンソメスープを超簡単に再現しました(具入りverあり)#shorts #リュウジ #JAL #コンソメ #スープ #野菜 #レシピ #料理,https://www.youtube.com/watch?v=cYefZaTMLXg,"cabbage,green_onion,potato,onion,carrot",easy,warm,true,true,,1,1,Codex,2026-10-05,confirmed,title/manual,"コンソメスープであり、関連語由来のpastaタグを除外。",false
5xgOz8_cAvg,【ジブリ飯】簡単で美味しい【ラピュタパン】のレシピ#shorts,https://www.youtube.com/watch?v=5xgOz8_cAvg,"bread,egg",easy,warm,false,true,,3,1,Codex,2026-10-05,confirmed,title/manual,"ラピュタパンはパンと卵のレシピ。説明文の「是非」が鰤として誤抽出されていたためyellowtailを除外。",false
JjsqKU2eSnA,ズッキーニとツナサラダ #レシピ #レシピ動画 #簡単レシピ #時短レシピ #節約 #節約レシピ #料理 #初心者 #簡単 #時短 #ズッキーニ #家族 #ごはん #おつまみ 詳細は関連動画へ!,https://www.youtube.com/watch?v=JjsqKU2eSnA,"canned_tuna",easy,cold,true,false,,1,1,Codex,2026-10-05,confirmed,title/manual,"ズッキーニとツナのサラダであり、麺料理ではない。タイトルのごはんタグは料理内容ではないため主食扱いしない。",false
8PJAOrWnmEg,70円の奇跡！鰻丼(うナス丼と読む) #shorts #ナス #うなぎ,https://www.youtube.com/watch?v=8PJAOrWnmEg,"rice,eggplant",easy,warm,true,true,,3,2,Codex,2026-10-05,confirmed,title/manual,"ナスをご飯にのせる丼。関連説明文由来のrice_noodlesを除外。うなぎは比喩表現で実食材ではない。",false
DyHHrzKw6Fk,開始1週間で100万再生されたズッキーニレシピです🫡,https://www.youtube.com/watch?v=DyHHrzKw6Fk,"garlic,butter",easy,warm,true,true,,3,2,Codex,2026-10-05,confirmed,title/manual,"ロールズッキーニのステーキであり、rice_noodlesは誤抽出。",true
QwIdKZLC8DQ,【町中華】カンタン！【肉野菜あんかけ丼】#shorts,https://www.youtube.com/watch?v=QwIdKZLC8DQ,"pork,rice,green_onion",easy,warm,true,true,,3,2,Codex,2026-10-05,confirmed,title/manual,"肉野菜あんかけをご飯にのせる丼。説明文末尾のラーメン系タグはチャンネル文脈であり、麺料理ではない。",true
xhSZFesqkao,【3分で出来る】中華屋さんでチャーハンについてくる【あのスープ】の作り方。,https://www.youtube.com/watch?v=xhSZFesqkao,green_onion,easy,warm,false,true,,1,1,Codex,2026-10-05,confirmed,title/manual,"チャーハンに付く中華スープであり、チャーハン・ラーメンは文脈語。米・麺料理ではないためタグから除外。",false
ezofrO4QrHI,【コツは火加減】踊るたまごスープの作り方,https://www.youtube.com/watch?v=ezofrO4QrHI,"egg,wakame",easy,warm,false,true,,1,1,Codex,2026-10-05,confirmed,title/manual,"卵スープであり、説明文のフライパンをパン料理として扱わない。",false
fX48Os_ohFk,これを食べネバ夏終われない【無限オクラ】詳しいレシピはアプリで料理名を検索♪#オクラ #やみつき #塩昆布 #夏野菜 #丼 #晩御飯 #レシピ#簡単レシピ #レシピ動画 #料理動画,https://www.youtube.com/watch?v=fX48Os_ohFk,kombu,easy,cold,true,true,,1,1,Codex,2026-10-05,confirmed,title/manual,"無限オクラの副菜で米は使わない。タイトル末尾の#丼は料理内容ではないためriceを除外。オクラは現行タグ辞書にないため塩昆布を代表タグとして保持。",
1IeQEyJxXeY,【ネギトロ】もう市販品に戻れない！サクから作るふわふわネギトロ丼！,https://www.youtube.com/watch?v=1IeQEyJxXeY,"tuna_sashimi,rice,green_onion",easy,warm,true,false,,2,1,Codex,2026-10-05,confirmed,title/manual,"ネギトロ丼はマグロが主役。green_onionだけで野菜中心に寄っていたためtuna_sashimiを追加。",true
LznN3nffVKM,【時短レシピ】トマトとたっぷり魚介のお家パスタが旨すぎて幸！#簡単レシピ #パスタ #料理,https://www.youtube.com/watch?v=LznN3nffVKM,"pasta,tomato,garlic,cheese,squid,shrimp,shellfish",easy,warm,true,true,,4,2,Codex,2026-10-06,confirmed,title/manual,"タイトルと説明文に魚介・シーフードミックス・やりいかが明記されているため魚介タグを追加。トマトも使うため野菜カテゴリにもヒットさせる。",true
